Date,HomeTeam,AwayTeam,Matchday,League,Pred,Confidence,P(A),P(D),P(H)
2026-01-09 19:30:00+00:00,Ein Frankfurt,Dortmund,16,bundesliga,H,0.5200993373253159,0.27105872388394603,0.20884193879073817,0.5200993373253159
2026-01-10 14:30:00+00:00,Freiburg,Hamburg,16,bundesliga,H,0.39886582551815486,0.3156804394132083,0.28545373506863686,0.39886582551815486
2026-01-10 14:30:00+00:00,Werder Bremen,Hoffenheim,16,bundesliga,A,0.5529850934032442,0.5529850934032442,0.22673093094547964,0.22028397565127608
2026-01-10 14:30:00+00:00,Union Berlin,Mainz,16,bundesliga,H,0.48134259480938724,0.23207629924952417,0.28658110594108865,0.48134259480938724
2026-01-10 14:30:00+00:00,St Pauli,RB Leipzig,16,bundesliga,A,0.5758225927946887,0.5758225927946887,0.23700508757079047,0.1871723196345208
2026-01-10 14:30:00+00:00,Heidenheim,FC Koln,16,bundesliga,H,0.42604941251715217,0.29613738713576016,0.2778132003470878,0.42604941251715217
2026-01-10 17:30:00+00:00,Leverkusen,Stuttgart,16,bundesliga,A,0.4652783557639063,0.4652783557639063,0.25855584285958977,0.2761658013765038
2026-01-11 14:30:00+00:00,M'gladbach,Augsburg,16,bundesliga,H,0.655737859811638,0.14942633780650302,0.1948358023818589,0.655737859811638
2026-01-11 16:30:00+00:00,Bayern Munich,Wolfsburg,16,bundesliga,H,0.7359566065918612,0.09379158274754212,0.17025181066059653,0.7359566065918612
